마케팅신업종,,,,,,,,표준산업분류(KSIC10),,,
KBMLC,KBMLN,KBMMC,KBMMN,KBMSC,KBMSN,KBMSSC,KBMSSN,BZC_CD,BZC_NM,BZC_CD1,BZC_CD3
S,서비스,S04,생활편의서비스,S040,광고/인쇄서비스,S04003,인쇄업,C18111,경 인쇄업,C,C18
E,기타,E02,기업,E020,NULL,E02006,제조관련업,C33999,그 외 기타 달리 분류되지 않은 제품 제조업,C,C33
E,기타,E02,기업,E020,NULL,E02001,건축/건설/설비,F42209,기타 건물 관련설비 설치 공사업,F,F42
R,소매업,R22,차량판매,R220,NULL,R22001,국산자동차,G45110,자동차 신품 판매업,G45,G45
R,소매업,R22,차량판매,R220,NULL,R22002,수입자동차,G45110,자동차 신품 판매업,G45,G45
R,소매업,R22,차량판매,R220,NULL,R22003,수입중고자동차,G45110,자동차 신품 판매업,G45,G45
R,소매업,R22,차량판매,R220,NULL,R22005,중고자동차,G45110,자동차 신품 판매업,G45,G45
R,소매업,R21,차량부품,R210,NULL,R21001,네비게이션,G45212,자동차용 전용 신품 부품 판매업,G45,G45
R,소매업,R21,차량부품,R210,NULL,R21002,자동차부품,G45212,자동차용 전용 신품 부품 판매업,G45,G45
R,소매업,R21,차량부품,R210,NULL,R21003,카오디오전문점,G45212,자동차용 전용 신품 부품 판매업,G45,G45
R,소매업,R21,차량부품,R210,NULL,R21004,타이어,G45212,자동차용 전용 신품 부품 판매업,G45,G45
R,소매업,R22,차량판매,R220,NULL,R22004,오토바이,G45302,모터사이클 및 부품 소매업,G45,G45
E,기타,E03,도매,E030,NULL,E03003,식품도매,G46319,기타 신선 식품 및 단순 가공 식품 도매업,G46,G46
E,기타,E03,도매,E030,NULL,E03004,의약품도매,G46441,의약품 도매업,G46,G46
R,소매업,R20,종합소매,R200,NULL,R20001,기타대형종합소매업,G47119,기타 대형 종합 소매업,G46,G46
R,소매업,R20,종합소매,R200,NULL,R20006,연금/복지매장,G47119,기타 대형 종합 소매업,G46,G46
R,소매업,R20,종합소매,R200,NULL,R20008,종합생활용품,G47119,기타 대형 종합 소매업,G46,G46
R,소매업,R20,종합소매,R200,NULL,R20009,준대형마트,G47119,기타 대형 종합 소매업,G46,G46
E,기타,E03,도매,E030,NULL,E03001,기계도매,G46599,그 외 기타 기계 및 장비 도매업,G46,G46
E,기타,E03,도매,E030,NULL,E03002,비기계류도매,G46800,상품 종합 도매업,G46,G46
R,소매업,R20,종합소매,R200,NULL,R20004,백화점,G47111,백화점,G47,G47
R,소매업,R16,음식료품소매,R160,NULL,R16001,건어물,G47213,건어물 및 젓갈류 소매업,G47,G47
R,소매업,R16,음식료품소매,R160,NULL,R16003,농산물,G47215,"채소, 과실 및 뿌리작물 소매업",G47,G47
R,소매업,R16,음식료품소매,R160,NULL,R16006,수산물,G47214,"신선, 냉동 및 기타 수산물 소매업",G47,G47
R,소매업,R16,음식료품소매,R160,NULL,R16011,축산물,G47212,육류 소매업,G47,G47
R,소매업,R20,종합소매,R200,NULL,R20002,대형마트/할인점,G47112,대형 마트,G47,G47
R,소매업,R16,음식료품소매,R160,NULL,R16002,과자소매점,G47216,"빵류, 과자류 및 당류 소매업",G47,G47
R,소매업,R16,음식료품소매,R160,NULL,R16005,생수,G47121,슈퍼마켓,G47,G47
R,소매업,R16,음식료품소매,R160,NULL,R16007,식료품,G47121,슈퍼마켓,G47,G47
R,소매업,R16,음식료품소매,R160,NULL,R16008,아이스크림소매점,G47121,슈퍼마켓,G47,G47
R,소매업,R16,음식료품소매,R160,NULL,R16009,음료/주류소매점,G47121,슈퍼마켓,G47,G47
R,소매업,R16,음식료품소매,R160,NULL,R16010,제과재료,G47121,슈퍼마켓,G47,G47
R,소매업,R20,종합소매,R200,NULL,R20005,슈퍼마켓,G47121,슈퍼마켓,G47,G47
R,소매업,R20,종합소매,R200,NULL,R20010,편의점,G47122,체인화 편의점,G47,G47
R,소매업,R20,종합소매,R200,NULL,R20003,면세점,G47130,면세점,G47,G47
R,소매업,R25,패션잡화,R250,NULL,R25013,잡화점,G47190,그 외 기타 종합 소매업,G47,G47
R,소매업,R25,패션잡화,R250,NULL,R25014,휴대폰액세서리,G47190,그 외 기타 종합 소매업,G47,G47
R,소매업,R04,건강식품,R040,NULL,R04001,건강식품,G47217,건강보조식품 소매업,G47,G47
R,소매업,R04,건강식품,R040,NULL,R04002,다이어트상품,G47217,건강보조식품 소매업,G47,G47
R,소매업,R04,건강식품,R040,NULL,R04003,유기농/생식/녹즙,G47217,건강보조식품 소매업,G47,G47
R,소매업,R04,건강식품,R040,NULL,R04004,인삼제품,G47217,건강보조식품 소매업,G47,G47
R,소매업,R16,음식료품소매,R160,NULL,R16004,반찬전문점,G47218,조리 반찬류 소매업,G47,G47
R,소매업,R20,종합소매,R200,NULL,R20007,전자담배/담배,G47222,담배 소매업,G47,G47
R,소매업,R02,가전제품,R020,NULL,R02004,컴퓨터/주변기기,G47311,"컴퓨터 및 주변장치, 소프트웨어 소매업",G47,G47
R,소매업,R02,가전제품,R020,NULL,R02005,휴대폰매장,G47312,통신기기 소매업,G47,G47
R,소매업,R02,가전제품,R020,NULL,R02001,사무용기기,G47320,가전제품 소매업,G47,G47
R,소매업,R02,가전제품,R020,NULL,R02002,소형주방가전전문점,G47320,가전제품 소매업,G47,G47
R,소매업,R02,가전제품,R020,NULL,R02003,종합가전제품,G47320,가전제품 소매업,G47,G47
R,소매업,R17,의류,R170,NULL,R17003,남성정장/양복,G47411,남자용 겉옷 소매업,G47,G47
R,소매업,R17,의류,R170,NULL,R17004,셔츠전문점,G47411,남자용 겉옷 소매업,G47,G47
R,소매업,R17,의류,R170,NULL,R17008,양품점,G47411,남자용 겉옷 소매업,G47,G47
R,소매업,R17,의류,R170,NULL,R17009,여성의류,G47412,여자용 겉옷 소매업,G47,G47
R,소매업,R17,의류,R170,NULL,R17005,속옷/내의,G47413,속옷 및 잠옷 소매업,G47,G47
R,소매업,R17,의류,R170,NULL,R17007,아동복,G47417,유아용 의류 소매업,G47,G47
R,소매업,R17,의류,R170,NULL,R17011,유아복,G47417,유아용 의류 소매업,G47,G47
R,소매업,R17,의류,R170,NULL,R17001,가죽/모피의류,G47419,기타 의복 소매업,G47,G47
R,소매업,R17,의류,R170,NULL,R17002,교복,G47419,기타 의복 소매업,G47,G47
R,소매업,R17,의류,R170,NULL,R17006,스포츠의류,G47419,기타 의복 소매업,G47,G47
R,소매업,R17,의류,R170,NULL,R17010,옷감/직물/수예,G47419,기타 의복 소매업,G47,G47
R,소매업,R17,의류,R170,NULL,R17012,일반의류(기타),G47419,기타 의복 소매업,G47,G47
R,소매업,R17,의류,R170,NULL,R17013,캐쥬얼,G47419,기타 의복 소매업,G47,G47
R,소매업,R17,의류,R170,NULL,R17014,한복/민속옷,G47419,기타 의복 소매업,G47,G47
R,소매업,R05,건축/인테리어,R050,NULL,R05002,보일러/냉난방용품,G47511,철물 및 난방용구 소매업,G47,G47
R,소매업,R05,건축/인테리어,R050,NULL,R05001,바닥/벽지/창호,G47513,"벽지, 마루덮개 및 장판류 소매업",G47,G47
R,소매업,R05,건축/인테리어,R050,NULL,R05003,실내장식,G47513,"벽지, 마루덮개 및 장판류 소매업",G47,G47
R,소매업,R05,건축/인테리어,R050,NULL,R05005,욕실/인테리어,G47513,"벽지, 마루덮개 및 장판류 소매업",G47,G47
R,소매업,R05,건축/인테리어,R050,NULL,R05006,인테리어자재,G47513,"벽지, 마루덮개 및 장판류 소매업",G47,G47
R,소매업,R05,건축/인테리어,R050,NULL,R05007,전문디자인,G47513,"벽지, 마루덮개 및 장판류 소매업",G47,G47
R,소매업,R05,건축/인테리어,R050,NULL,R05008,조명기구/전기용품,G47513,"벽지, 마루덮개 및 장판류 소매업",G47,G47
R,소매업,R05,건축/인테리어,R050,NULL,R05009,지물및천막,G47513,"벽지, 마루덮개 및 장판류 소매업",G47,G47
R,소매업,R01,가구,R010,NULL,R01001,사무용가구,G47520,가구 소매업,G47,G47
R,소매업,R01,가구,R010,NULL,R01002,일반가구,G47520,가구 소매업,G47,G47
R,소매업,R01,가구,R010,NULL,R01003,주방가구,G47520,가구 소매업,G47,G47
R,소매업,R03,가정용품,R030,NULL,R03001,기타가정용품,G47592,"주방용품 및 가정용 유리, 요업 제품 소매업",G47,G47
R,소매업,R03,가정용품,R030,NULL,R03002,정수기판매,G47592,"주방용품 및 가정용 유리, 요업 제품 소매업",G47,G47
R,소매업,R03,가정용품,R030,NULL,R03003,주방용품,G47592,"주방용품 및 가정용 유리, 요업 제품 소매업",G47,G47
R,소매업,R03,가정용품,R030,NULL,R03004,커튼/침구,G47592,"주방용품 및 가정용 유리, 요업 제품 소매업",G47,G47
R,소매업,R24,취미-음악,R240,NULL,R24001,기타악기전문점,G47593,악기 소매업,G47,G47
R,소매업,R24,취미-음악,R240,NULL,R24002,피아노전문점,G47593,악기 소매업,G47,G47
R,소매업,R09,사무/문구용품,R090,NULL,R09001,과학기자재점,G47611,"서적, 신문 및 잡지류 소매업",G47,G47
R,소매업,R09,사무/문구용품,R090,NULL,R09002,교육기자재점,G47611,"서적, 신문 및 잡지류 소매업",G47,G47
R,소매업,R10,서적,R100,NULL,R10001,신문/출판,G47611,"서적, 신문 및 잡지류 소매업",G47,G47
R,소매업,R10,서적,R100,NULL,R10002,아동도서,G47611,"서적, 신문 및 잡지류 소매업",G47,G47
R,소매업,R10,서적,R100,NULL,R10003,전문서적,G47611,"서적, 신문 및 잡지류 소매업",G47,G47
R,소매업,R10,서적,R100,NULL,R10004,종합서점,G47611,"서적, 신문 및 잡지류 소매업",G47,G47
R,소매업,R10,서적,R100,NULL,R10005,중고서점,G47611,"서적, 신문 및 잡지류 소매업",G47,G47
R,소매업,R10,서적,R100,NULL,R10006,참고서/교재,G47611,"서적, 신문 및 잡지류 소매업",G47,G47
R,소매업,R09,사무/문구용품,R090,NULL,R09003,문구용품,G47612,문구용품 및 회화용품 소매업,G47,G47
R,소매업,R09,사무/문구용품,R090,NULL,R09004,사무용품,G47612,문구용품 및 회화용품 소매업,G47,G47
R,소매업,R23,취미-미술,R230,NULL,R23001,표구사,G47612,문구용품 및 회화용품 소매업,G47,G47
R,소매업,R23,취미-미술,R230,NULL,R23002,화방/화랑,G47612,문구용품 및 회화용품 소매업,G47,G47
S,서비스,S02,(정기)납부/대여서비스,S024,방송/미디어,S02402,미디어/음향,G47620,음반 및 비디오물 소매업,G47,G47
R,소매업,R14,운동/레져용품,R140,NULL,R14001,골프용품/의류,G47631,운동 및 경기용품 소매업,G47,G47
R,소매업,R14,운동/레져용품,R140,NULL,R14002,낚시용품,G47631,운동 및 경기용품 소매업,G47,G47
R,소매업,R14,운동/레져용품,R140,NULL,R14003,농구용품,G47631,운동 및 경기용품 소매업,G47,G47
R,소매업,R14,운동/레져용품,R140,NULL,R14004,등산용품/의류,G47631,운동 및 경기용품 소매업,G47,G47
R,소매업,R14,운동/레져용품,R140,NULL,R14005,레져용품,G47631,운동 및 경기용품 소매업,G47,G47
R,소매업,R14,운동/레져용품,R140,NULL,R14006,배드민턴용품,G47631,운동 및 경기용품 소매업,G47,G47
R,소매업,R14,운동/레져용품,R140,NULL,R14007,볼링용품,G47631,운동 및 경기용품 소매업,G47,G47
R,소매업,R14,운동/레져용품,R140,NULL,R14008,수영용품,G47631,운동 및 경기용품 소매업,G47,G47
R,소매업,R14,운동/레져용품,R140,NULL,R14009,스키/스노우보드용품,G47631,운동 및 경기용품 소매업,G47,G47
R,소매업,R14,운동/레져용품,R140,NULL,R14010,스킨스쿠버용품,G47631,운동 및 경기용품 소매업,G47,G47
R,소매업,R14,운동/레져용품,R140,NULL,R14011,아이스하키용품,G47631,운동 및 경기용품 소매업,G47,G47
R,소매업,R14,운동/레져용품,R140,NULL,R14012,야구용품,G47631,운동 및 경기용품 소매업,G47,G47
R,소매업,R14,운동/레져용품,R140,NULL,R14013,인라인스케이트용품,G47631,운동 및 경기용품 소매업,G47,G47
R,소매업,R14,운동/레져용품,R140,NULL,R14014,자전거/자전거용품,G47631,운동 및 경기용품 소매업,G47,G47
R,소매업,R14,운동/레져용품,R140,NULL,R14015,종합체육사,G47631,운동 및 경기용품 소매업,G47,G47
R,소매업,R14,운동/레져용품,R140,NULL,R14016,축구용품,G47631,운동 및 경기용품 소매업,G47,G47
R,소매업,R14,운동/레져용품,R140,NULL,R14017,테니스용품,G47631,운동 및 경기용품 소매업,G47,G47
R,소매업,R14,운동/레져용품,R140,NULL,R14018,헬스기구/용품,G47631,운동 및 경기용품 소매업,G47,G47
R,소매업,R13,완구,R130,NULL,R13001,게임기기,G47640,"게임용구, 인형 및 장난감 소매업",G47,G47
R,소매업,R13,완구,R130,NULL,R13002,장난감/완구전문점,G47640,"게임용구, 인형 및 장난감 소매업",G47,G47
R,소매업,R15,유아용품,R150,NULL,R15001,유아용품,G47640,"게임용구, 인형 및 장난감 소매업",G47,G47
R,소매업,R12,연료소매,R120,NULL,R12002,전기차충전소,G47712,운송장비용 가스 충전업,G47,G47
R,소매업,R12,연료소매,R120,NULL,R12003,주유소,G47711,운송장비용 주유소 운영업,G47,G47
R,소매업,R12,연료소매,R120,NULL,R12004,차량가스충전소,G47712,운송장비용 가스 충전업,G47,G47
R,소매업,R12,연료소매,R120,NULL,R12001,가정용연료,G4772,가정용 연료 소매업,G47,G47
R,소매업,R18,의약/의료기기,R180,NULL,R18004,약국,G47811,의약품 및 의료용품 소매업,G47,G47
R,소매업,R18,의약/의료기기,R180,NULL,R18006,한약방,G47811,의약품 및 의료용품 소매업,G47,G47
R,소매업,R18,의약/의료기기,R180,NULL,R18001,건강보조기구,G47812,의료용 기구 소매업,G47,G47
R,소매업,R18,의약/의료기기,R180,NULL,R18002,보청기,G47812,의료용 기구 소매업,G47,G47
R,소매업,R18,의약/의료기기,R180,NULL,R18005,의료기기/용품,G47812,의료용 기구 소매업,G47,G47
R,소매업,R26,화장품/미용,R260,NULL,R26001,H&B,G47813,"화장품, 비누 및 방향제 소매업",G47,G47
R,소매업,R26,화장품/미용,R260,NULL,R26002,미용재료,G47813,"화장품, 비누 및 방향제 소매업",G47,G47
R,소매업,R26,화장품/미용,R260,NULL,R26003,방향제전문점,G47813,"화장품, 비누 및 방향제 소매업",G47,G47
R,소매업,R26,화장품/미용,R260,NULL,R26004,원브랜드숍,G47813,"화장품, 비누 및 방향제 소매업",G47,G47
R,소매업,R26,화장품/미용,R260,NULL,R26005,향수전문점,G47813,"화장품, 비누 및 방향제 소매업",G47,G47
R,소매업,R18,의약/의료기기,R180,NULL,R18003,안경점,G47822,안경 및 렌즈 소매업,G47,G47
R,소매업,R25,패션잡화,R250,NULL,R25001,가발전문점,G47830,시계 및 귀금속 소매업,G47,G47
R,소매업,R25,패션잡화,R250,NULL,R25002,가방전문점,G47830,시계 및 귀금속 소매업,G47,G47
R,소매업,R25,패션잡화,R250,NULL,R25003,구두제화,G47830,시계 및 귀금속 소매업,G47,G47
R,소매업,R25,패션잡화,R250,NULL,R25004,귀금속전문점,G47830,시계 및 귀금속 소매업,G47,G47
R,소매업,R25,패션잡화,R250,NULL,R25005,기능성/특수제화,G47830,시계 및 귀금속 소매업,G47,G47
R,소매업,R25,패션잡화,R250,NULL,R25006,넥타이전문점,G47830,시계 및 귀금속 소매업,G47,G47
R,소매업,R25,패션잡화,R250,NULL,R25007,렌즈전문점,G47830,시계 및 귀금속 소매업,G47,G47
R,소매업,R25,패션잡화,R250,NULL,R25008,모자전문점,G47830,시계 및 귀금속 소매업,G47,G47
R,소매업,R25,패션잡화,R250,NULL,R25009,시계전문점,G47830,시계 및 귀금속 소매업,G47,G47
R,소매업,R25,패션잡화,R250,NULL,R25010,액세서리,G47830,시계 및 귀금속 소매업,G47,G47
R,소매업,R25,패션잡화,R250,NULL,R25011,양말전문점,G47830,시계 및 귀금속 소매업,G47,G47
R,소매업,R25,패션잡화,R250,NULL,R25012,운동화/샌들/캐쥬얼화,G47830,시계 및 귀금속 소매업,G47,G47
R,소매업,R06,기념품/공예품/골동품,R060,NULL,R06001,골동품점,G47842,"기념품, 관광 민예품 및 장식용품 소매업",G47,G47
R,소매업,R06,기념품/공예품/골동품,R060,NULL,R06002,관광기념품,G47842,"기념품, 관광 민예품 및 장식용품 소매업",G47,G47
R,소매업,R06,기념품/공예품/골동품,R060,NULL,R06003,민예/공예/토산품,G47842,"기념품, 관광 민예품 및 장식용품 소매업",G47,G47
R,소매업,R27,화초 및 식물 소매,R270,NULL,R27001,꽃집/꽃배달,G47851,화초 및 식물 소매업,G47,G47
R,소매업,R11,애완용품,R110,NULL,R11001,애완용품전문점,G47852,애완용 동물 및 관련용품 소매업,G47,G47
R,소매업,R07,기타용품,R070,NULL,R07001,농어업용품,G47859,그 외 기타 분류 안된 상품 전문 소매업,G47,G47
R,소매업,R07,기타용품,R070,NULL,R07002,대형상품권,G47859,그 외 기타 분류 안된 상품 전문 소매업,G47,G47
R,소매업,R07,기타용품,R070,NULL,R07003,복권방,G47859,그 외 기타 분류 안된 상품 전문 소매업,G47,G47
R,소매업,R07,기타용품,R070,NULL,R07004,상품권,G47859,그 외 기타 분류 안된 상품 전문 소매업,G47,G47
R,소매업,R07,기타용품,R070,NULL,R07005,성인용품,G47859,그 외 기타 분류 안된 상품 전문 소매업,G47,G47
R,소매업,R07,기타용품,R070,NULL,R07007,종교용품,G47859,그 외 기타 분류 안된 상품 전문 소매업,G47,G47
R,소매업,R07,기타용품,R070,NULL,R07006,재활용품,G47869,기타 중고 상품 소매업,G47,G47
R,소매업,R07,기타용품,R070,NULL,R07008,중고용품,G47869,기타 중고 상품 소매업,G47,G47
R,소매업,R19,전자상거래,R190,NULL,R19001,PG,G47912,전자상거래 소매업,G47,G47
R,소매업,R19,전자상거래,R190,NULL,R19002,오픈PG,G47912,전자상거래 소매업,G47,G47
R,소매업,R19,전자상거래,R190,NULL,R19003,온라인상품권,G47912,전자상거래 소매업,G47,G47
R,소매업,R19,전자상거래,R190,NULL,R19004,인터넷쇼핑몰,G47912,전자상거래 소매업,G47,G47
R,소매업,R19,전자상거래,R190,NULL,R19005,전_게임,G47912,전자상거래 소매업,G47,G47
R,소매업,R19,전자상거래,R190,NULL,R19006,전_공공기관,G47912,전자상거래 소매업,G47,G47
R,소매업,R19,전자상거래,R190,NULL,R19007,전_교통서비스,G47912,전자상거래 소매업,G47,G47
R,소매업,R19,전자상거래,R190,NULL,R19008,전_문화비,G47912,전자상거래 소매업,G47,G47
R,소매업,R19,전자상거래,R190,NULL,R19009,전_소프트웨어,G47912,전자상거래 소매업,G47,G47
R,소매업,R19,전자상거래,R190,NULL,R19010,전_수수료,G47912,전자상거래 소매업,G47,G47
R,소매업,R19,전자상거래,R190,NULL,R19011,전_스트리밍,G47912,전자상거래 소매업,G47,G47
R,소매업,R19,전자상거래,R190,NULL,R19012,전_온라인강의,G47912,전자상거래 소매업,G47,G47
R,소매업,R19,전자상거래,R190,NULL,R19013,전_종합쇼핑몰,G47912,전자상거래 소매업,G47,G47
R,소매업,R19,전자상거래,R190,NULL,R19014,전_통신,G47912,전자상거래 소매업,G47,G47
R,소매업,R19,전자상거래,R190,NULL,R19015,전_통행료,G47912,전자상거래 소매업,G47,G47
R,소매업,R19,전자상거래,R190,NULL,R19016,전_후원/기부금,G47912,전자상거래 소매업,G47,G47
R,소매업,R19,전자상거래,R190,NULL,R19017,통신판매,G47919,기타 통신 판매업,G47,G47
S,서비스,S02,(정기)납부/대여서비스,S024,방송/미디어,S02401,CATV홈쇼핑,G47919,기타 통신 판매업,G47,G47
R,소매업,R08,노점/무점포 소매,R080,NULL,R08001,계약배달판매업,G47920,노점 및 유사이동 소매업,G47,G47
R,소매업,R08,노점/무점포 소매,R080,NULL,R08002,기타노점업,G47920,노점 및 유사이동 소매업,G47,G47
R,소매업,R08,노점/무점포 소매,R080,NULL,R08003,네트워크마케팅,G47920,노점 및 유사이동 소매업,G47,G47
R,소매업,R08,노점/무점포 소매,R080,NULL,R08004,방문판매업,G47920,노점 및 유사이동 소매업,G47,G47
R,소매업,R08,노점/무점포 소매,R080,NULL,R08005,자동판매기,G47920,노점 및 유사이동 소매업,G47,G47
R,소매업,R08,노점/무점포 소매,R080,NULL,R08006,차량이동판매,G47920,노점 및 유사이동 소매업,G47,G47
R,소매업,R08,노점/무점포 소매,R080,NULL,R08007,현금서비스,G47920,노점 및 유사이동 소매업,G47,G47
S,서비스,S02,(정기)납부/대여서비스,S021,교통/운송서비스,S02103,대중교통,H49212,시내버스 운송업,H,H49
S,서비스,S02,(정기)납부/대여서비스,S021,교통/운송서비스,S02106,택시,H49231,택시 운송업,H,H49
S,서비스,S02,(정기)납부/대여서비스,S021,교통/운송서비스,S02104,여객선,H50202,항만 내 여객 운송업,H,H50
S,서비스,S02,(정기)납부/대여서비스,S021,교통/운송서비스,S02105,철도,H50202,항만 내 여객 운송업,H,H50
S,서비스,S02,(정기)납부/대여서비스,S021,교통/운송서비스,S02107,항공,H51100,항공 여객 운송업,H,H51
S,서비스,S02,(정기)납부/대여서비스,S021,교통/운송서비스,S02101,고속버스,H49220,시외버스 운송업,H,H49
S,서비스,S04,생활편의서비스,S045,차량관련서비스,S04505,주차장,H52915,주차장 운영업,H,H52
S,서비스,S01,(비정기)전문서비스,S013,운송서비스,S01301,이삿짐센터,H52919,기타 육상 운송지원 서비스업,H,H52
S,서비스,S01,(비정기)전문서비스,S013,운송서비스,S01302,화물운송/보관,H52919,기타 육상 운송지원 서비스업,H,H52
S,서비스,S02,(정기)납부/대여서비스,S021,교통/운송서비스,S02102,기타운송수단,H52999,그 외 기타 분류 안된 운송관련 서비스업,H,H52
S,서비스,S05,여가/오락서비스,S050,숙박,S05008,일반/관광호텔,I55101,호텔업,I55,I55
S,서비스,S05,여가/오락서비스,S050,숙박,S05009,특급호텔,I55101,호텔업,I55,I55
S,서비스,S05,여가/오락서비스,S050,숙박,S05001,게스트하우스/민박,I55104,민박업,I55,I55
S,서비스,S05,여가/오락서비스,S050,숙박,S05004,레지던스,I55103,휴양콘도 운영업,I55,I55
S,서비스,S05,여가/오락서비스,S050,숙박,S05005,리조트/콘도,I55103,휴양콘도 운영업,I55,I55
S,서비스,S05,여가/오락서비스,S050,숙박,S05010,펜션,I55103,휴양콘도 운영업,I55,I55
S,서비스,S05,여가/오락서비스,S050,숙박,S05006,모텔/여관/여인숙,I55102,여관업,I55,I55
S,서비스,S05,여가/오락서비스,S050,숙박,S05002,고시원,I55109,기타 일반 및 생활 숙박시설 운영업,I55,I55
S,서비스,S05,여가/오락서비스,S050,숙박,S05003,기숙사,I55109,기타 일반 및 생활 숙박시설 운영업,I55,I55
S,서비스,S05,여가/오락서비스,S050,숙박,S05007,연수/수련원,I55109,기타 일반 및 생활 숙박시설 운영업,I55,I55
S,서비스,S05,여가/오락서비스,S050,숙박,S05011,하숙업,I55109,기타 일반 및 생활 숙박시설 운영업,I55,I55
F,음식,F06,뷔페,F060,NULL,F06001,고기뷔페,I56111,한식 일반 음식점업,I56,I56
F,음식,F06,뷔페,F060,NULL,F06002,웨딩뷔페,I56111,한식 일반 음식점업,I56,I56
F,음식,F06,뷔페,F060,NULL,F06003,일반뷔페,I56111,한식 일반 음식점업,I56,I56
F,음식,F06,뷔페,F060,NULL,F06004,한식뷔페,I56111,한식 일반 음식점업,I56,I56
F,음식,F06,뷔페,F060,NULL,F06005,해물뷔페,I56111,한식 일반 음식점업,I56,I56
F,음식,F16,한식,F160,국/탕/백반류,F16001,갈비탕전문점,I56111,한식 일반 음식점업,I56,I56
F,음식,F16,한식,F160,국/탕/백반류,F16002,국밥전문점,I56111,한식 일반 음식점업,I56,I56
F,음식,F16,한식,F160,국/탕/백반류,F16003,기사식당,I56111,한식 일반 음식점업,I56,I56
F,음식,F16,한식,F160,국/탕/백반류,F16004,김치찜/찌개전문점,I56111,한식 일반 음식점업,I56,I56
F,음식,F16,한식,F160,국/탕/백반류,F16005,된장찌개전문점,I56111,한식 일반 음식점업,I56,I56
F,음식,F16,한식,F160,국/탕/백반류,F16006,두부요리전문점,I56111,한식 일반 음식점업,I56,I56
F,음식,F16,한식,F160,국/탕/백반류,F16007,버섯전문점,I56111,한식 일반 음식점업,I56,I56
F,음식,F16,한식,F160,국/탕/백반류,F16008,보리밥전문점,I56111,한식 일반 음식점업,I56,I56
F,음식,F16,한식,F160,국/탕/백반류,F16009,부대찌개전문점,I56111,한식 일반 음식점업,I56,I56
F,음식,F16,한식,F160,국/탕/백반류,F16010,북어국전문점,I56111,한식 일반 음식점업,I56,I56
F,음식,F16,한식,F160,국/탕/백반류,F16011,비빔밥전문점,I56111,한식 일반 음식점업,I56,I56
F,음식,F16,한식,F160,국/탕/백반류,F16012,샤브샤브전문점,I56111,한식 일반 음식점업,I56,I56
F,음식,F16,한식,F160,국/탕/백반류,F16013,설렁탕/곰탕전문점,I56111,한식 일반 음식점업,I56,I56
F,음식,F16,한식,F160,국/탕/백반류,F16014,순대전문점,I56111,한식 일반 음식점업,I56,I56
F,음식,F16,한식,F160,국/탕/백반류,F16015,순두부전문점,I56111,한식 일반 음식점업,I56,I56
F,음식,F16,한식,F160,국/탕/백반류,F16016,육개장전문점,I56111,한식 일반 음식점업,I56,I56
F,음식,F16,한식,F160,국/탕/백반류,F16017,일반한식/백반,I56111,한식 일반 음식점업,I56,I56
F,음식,F16,한식,F160,국/탕/백반류,F16018,죽전문점,I56111,한식 일반 음식점업,I56,I56
F,음식,F16,한식,F160,국/탕/백반류,F16019,콩나물국밥전문점,I56111,한식 일반 음식점업,I56,I56
F,음식,F16,한식,F160,국/탕/백반류,F16020,한정식전문점,I56111,한식 일반 음식점업,I56,I56
F,음식,F16,한식,F160,국/탕/백반류,F16021,해장국/감자탕,I56111,한식 일반 음식점업,I56,I56
F,음식,F16,한식,F161,돼지고기,F16105,막창전문점,I56111,한식 일반 음식점업,I56,I56
F,음식,F16,한식,F164,소고기,F16401,곱창/양구이전문점,I56111,한식 일반 음식점업,I56,I56
F,음식,F16,한식,F162,면요리,F16201,국수/칼국수전문점,I56112,한식 면요리 전문점,I56,I56
F,음식,F16,한식,F162,면요리,F16202,냉면전문점,I56112,한식 면요리 전문점,I56,I56
F,음식,F16,한식,F162,면요리,F16203,수제비전문점,I56112,한식 면요리 전문점,I56,I56
F,음식,F16,한식,F162,면요리,F16204,우동전문점,I56112,한식 면요리 전문점,I56,I56
F,음식,F16,한식,F161,돼지고기,F16101,갈매기살전문점,I56113,한식 육류요리 전문점,I56,I56
F,음식,F16,한식,F161,돼지고기,F16102,갈비찜전문점,I56113,한식 육류요리 전문점,I56,I56
F,음식,F16,한식,F161,돼지고기,F16103,돼지갈비전문점,I56113,한식 육류요리 전문점,I56,I56
F,음식,F16,한식,F161,돼지고기,F16104,두루치기전문점,I56113,한식 육류요리 전문점,I56,I56
F,음식,F16,한식,F161,돼지고기,F16106,보쌈전문점,I56113,한식 육류요리 전문점,I56,I56
F,음식,F16,한식,F161,돼지고기,F16107,삼겹살/구이전문점,I56113,한식 육류요리 전문점,I56,I56
F,음식,F16,한식,F161,돼지고기,F16108,쌈밥전문점,I56113,한식 육류요리 전문점,I56,I56
F,음식,F16,한식,F161,돼지고기,F16109,족발전문점,I56113,한식 육류요리 전문점,I56,I56
F,음식,F16,한식,F163,닭고기,F16301,닭갈비전문점,I56113,한식 육류요리 전문점,I56,I56
F,음식,F16,한식,F163,닭고기,F16302,닭강정전문점,I56113,한식 육류요리 전문점,I56,I56
F,음식,F16,한식,F163,닭고기,F16303,닭발/닭내장전문점,I56113,한식 육류요리 전문점,I56,I56
F,음식,F16,한식,F163,닭고기,F16304,닭볶음탕전문점,I56113,한식 육류요리 전문점,I56,I56
F,음식,F16,한식,F163,닭고기,F16305,불닭전문점,I56113,한식 육류요리 전문점,I56,I56
F,음식,F16,한식,F163,닭고기,F16306,삼계탕/백숙전문점,I56113,한식 육류요리 전문점,I56,I56
F,음식,F16,한식,F163,닭고기,F16307,옻닭전문점,I56113,한식 육류요리 전문점,I56,I56
F,음식,F16,한식,F163,닭고기,F16308,찜닭전문점,I56113,한식 육류요리 전문점,I56,I56
F,음식,F16,한식,F164,소고기,F16402,불고기전문점,I56113,한식 육류요리 전문점,I56,I56
F,음식,F16,한식,F164,소고기,F16403,소고기구이전문점,I56113,한식 육류요리 전문점,I56,I56
F,음식,F16,한식,F164,소고기,F16404,육회전문점,I56113,한식 육류요리 전문점,I56,I56
F,음식,F16,한식,F166,기타고기,F16601,기타고기요리전문점,I56113,한식 육류요리 전문점,I56,I56
F,음식,F16,한식,F166,기타고기,F16602,보신탕전문점,I56113,한식 육류요리 전문점,I56,I56
F,음식,F16,한식,F166,기타고기,F16603,양고기/양꼬치전문점,I56113,한식 육류요리 전문점,I56,I56
F,음식,F16,한식,F166,기타고기,F16604,오리고기전문점,I56113,한식 육류요리 전문점,I56,I56
F,음식,F16,한식,F165,해산물,F16501,갈치전문점,I56114,한식 해산물요리 전문점,I56,I56
F,음식,F16,한식,F165,해산물,F16502,게장전문점,I56114,한식 해산물요리 전문점,I56,I56
F,음식,F16,한식,F165,해산물,F16503,고등어전문점,I56114,한식 해산물요리 전문점,I56,I56
F,음식,F16,한식,F165,해산물,F16504,곰장어전문점,I56114,한식 해산물요리 전문점,I56,I56
F,음식,F16,한식,F165,해산물,F16505,굴요리전문점,I56114,한식 해산물요리 전문점,I56,I56
F,음식,F16,한식,F165,해산물,F16506,기타수산물음식전문점,I56114,한식 해산물요리 전문점,I56,I56
F,음식,F16,한식,F165,해산물,F16507,낙지/쭈꾸미전문점,I56114,한식 해산물요리 전문점,I56,I56
F,음식,F16,한식,F165,해산물,F16508,문어전문점,I56114,한식 해산물요리 전문점,I56,I56
F,음식,F16,한식,F165,해산물,F16509,물회전문점,I56114,한식 해산물요리 전문점,I56,I56
F,음식,F16,한식,F165,해산물,F16510,민물장어전문점,I56114,한식 해산물요리 전문점,I56,I56
F,음식,F16,한식,F165,해산물,F16511,바닷가재/게요리전문점,I56114,한식 해산물요리 전문점,I56,I56
F,음식,F16,한식,F165,해산물,F16512,복요리전문점,I56114,한식 해산물요리 전문점,I56,I56
F,음식,F16,한식,F165,해산물,F16513,생선구이/찜전문점,I56114,한식 해산물요리 전문점,I56,I56
F,음식,F16,한식,F165,해산물,F16514,생선탕전문점,I56114,한식 해산물요리 전문점,I56,I56
F,음식,F16,한식,F165,해산물,F16515,아구찜/탕전문점,I56114,한식 해산물요리 전문점,I56,I56
F,음식,F16,한식,F165,해산물,F16516,연어전문점,I56114,한식 해산물요리 전문점,I56,I56
F,음식,F16,한식,F165,해산물,F16517,오징어전문점,I56114,한식 해산물요리 전문점,I56,I56
F,음식,F16,한식,F165,해산물,F16518,조개구이/찜전문점,I56114,한식 해산물요리 전문점,I56,I56
F,음식,F16,한식,F165,해산물,F16519,추어탕전문점,I56114,한식 해산물요리 전문점,I56,I56
F,음식,F16,한식,F165,해산물,F16520,해물찜/탕전문점,I56114,한식 해산물요리 전문점,I56,I56
F,음식,F16,한식,F165,해산물,F16521,홍어전문점,I56114,한식 해산물요리 전문점,I56,I56
F,음식,F16,한식,F165,해산물,F16522,황태전문점,I56114,한식 해산물요리 전문점,I56,I56
F,음식,F16,한식,F165,해산물,F16523,횟집,I56114,한식 해산물요리 전문점,I56,I56
F,음식,F12,중식,F120,NULL,F12001,일반중국음식전문점,I56121,중식 음식점업,I56,I56
F,음식,F12,중식,F120,NULL,F12002,짬뽕전문점,I56121,중식 음식점업,I56,I56
F,음식,F12,중식,F120,NULL,F12003,탄탄면전문점,I56121,중식 음식점업,I56,I56
F,음식,F12,중식,F120,NULL,F12004,탕수육전문점,I56121,중식 음식점업,I56,I56
F,음식,F12,중식,F120,NULL,F12005,마라/샹궈/훠궈전문점,I56121,중식 음식점업,I56,I56
F,음식,F10,일식,F100,NULL,F10001,간이일식,I56122,일식 음식점업,I56,I56
F,음식,F10,일식,F101,돼지고기,F10101,돈가스전문점,I56122,일식 음식점업,I56,I56
F,음식,F10,일식,F102,면요리,F10201,라멘전문점,I56122,일식 음식점업,I56,I56
F,음식,F10,일식,F103,밥요리,F10301,덮밥/가정식전문점,I56122,일식 음식점업,I56,I56
F,음식,F10,일식,F104,해산물,F10401,일식전문점,I56122,일식 음식점업,I56,I56
F,음식,F10,일식,F104,해산물,F10402,참치전문점,I56122,일식 음식점업,I56,I56
F,음식,F10,일식,F104,해산물,F10403,초밥전문점,I56122,일식 음식점업,I56,I56
F,음식,F07,양식,F070,종합양식,F07001,종합양식,I56123,서양식 음식점업,I56,I56
F,음식,F07,양식,F070,종합양식,F07002,패밀리레스토랑,I56123,서양식 음식점업,I56,I56
F,음식,F07,양식,F071,돼지고기,F07101,바베큐전문점,I56123,서양식 음식점업,I56,I56
F,음식,F07,양식,F072,면요리,F07201,스파게티전문점,I56123,서양식 음식점업,I56,I56
F,음식,F07,양식,F073,밥요리,F07301,리조또전문점,I56123,서양식 음식점업,I56,I56
F,음식,F07,양식,F073,밥요리,F07302,볶음밥전문점,I56123,서양식 음식점업,I56,I56
F,음식,F07,양식,F074,소고기,F07401,스테이크전문점,I56123,서양식 음식점업,I56,I56
F,음식,F02,기타외국식,F020,NULL,F02001,기타동남아식전문점,I56129,기타 외국식 음식점업,I56,I56
F,음식,F02,기타외국식,F020,NULL,F02002,쌀국수전문점,I56129,기타 외국식 음식점업,I56,I56
F,음식,F02,기타외국식,F020,NULL,F02003,카레전문점,I56129,기타 외국식 음식점업,I56,I56
F,음식,F05,휴게소/구내식당,F050,NULL,F05001,위탁급식/케이터링,I56141,출장 음식 서비스업,I56,I56
F,음식,F13,출장 및 이동음식업,F130,NULL,F13001,이동음식업,I56141,출장 음식 서비스업,I56,I56
F,음식,F13,출장 및 이동음식업,F130,NULL,F13002,출장음식업,I56141,출장 음식 서비스업,I56,I56
F,음식,F03,떡/한과,F030,NULL,F03001,떡/한과전문점,G47216,"빵류, 과자류 및 당류 소매업",I56,I56
F,음식,F11,제과/제빵,F110,NULL,F11001,고로케전문점,G47216,"빵류, 과자류 및 당류 소매업",I56,I56
F,음식,F11,제과/제빵,F110,NULL,F11002,꽈배기전문점,G47216,"빵류, 과자류 및 당류 소매업",I56,I56
F,음식,F11,제과/제빵,F110,NULL,F11003,도너츠전문점,G47216,"빵류, 과자류 및 당류 소매업",I56,I56
F,음식,F11,제과/제빵,F110,NULL,F11004,마카롱전문점,G47216,"빵류, 과자류 및 당류 소매업",I56,I56
F,음식,F11,제과/제빵,F110,NULL,F11005,베이글전문점,G47216,"빵류, 과자류 및 당류 소매업",I56,I56
F,음식,F11,제과/제빵,F110,NULL,F11006,붕어빵전문점,G47216,"빵류, 과자류 및 당류 소매업",I56,I56
F,음식,F11,제과/제빵,F110,NULL,F11007,식빵전문점,G47216,"빵류, 과자류 및 당류 소매업",I56,I56
F,음식,F11,제과/제빵,F110,NULL,F11008,와플/파이전문점,G47216,"빵류, 과자류 및 당류 소매업",I56,I56
F,음식,F11,제과/제빵,F110,NULL,F11009,제과점,G47216,"빵류, 과자류 및 당류 소매업",I56,I56
F,음식,F11,제과/제빵,F110,NULL,F11010,찐빵전문점,G47216,"빵류, 과자류 및 당류 소매업",I56,I56
F,음식,F11,제과/제빵,F110,NULL,F11011,츄러스전문점,G47216,"빵류, 과자류 및 당류 소매업",I56,I56
F,음식,F11,제과/제빵,F110,NULL,F11012,케이크전문점,G47216,"빵류, 과자류 및 당류 소매업",I56,I56
F,음식,F11,제과/제빵,F110,NULL,F11013,쿠키전문점,G47216,"빵류, 과자류 및 당류 소매업",I56,I56
F,음식,F11,제과/제빵,F110,NULL,F11014,타르트전문점,G47216,"빵류, 과자류 및 당류 소매업",I56,I56
F,음식,F11,제과/제빵,F110,NULL,F11015,호두과자전문점,G47216,"빵류, 과자류 및 당류 소매업",I56,I56
F,음식,F11,제과/제빵,F110,NULL,F11016,호떡전문점,G47216,"빵류, 과자류 및 당류 소매업",I56,I56
F,음식,F15,패스트푸드,F150,NULL,F15003,브런치전문점,I56192,"피자, 햄버거, 샌드위치 및 유사 음식점업",I56,I56
F,음식,F15,패스트푸드,F150,NULL,F15004,샌드위치전문점,I56192,"피자, 햄버거, 샌드위치 및 유사 음식점업",I56,I56
F,음식,F15,패스트푸드,F150,NULL,F15005,샐러드전문점,I56192,"피자, 햄버거, 샌드위치 및 유사 음식점업",I56,I56
F,음식,F15,패스트푸드,F150,NULL,F15008,타코/부리또전문점,I56192,"피자, 햄버거, 샌드위치 및 유사 음식점업",I56,I56
F,음식,F15,패스트푸드,F150,NULL,F15009,토스트전문점,I56192,"피자, 햄버거, 샌드위치 및 유사 음식점업",I56,I56
F,음식,F15,패스트푸드,F150,NULL,F15010,피자전문점,I56192,"피자, 햄버거, 샌드위치 및 유사 음식점업",I56,I56
F,음식,F15,패스트푸드,F150,NULL,F15011,핫도그전문점,I56192,"피자, 햄버거, 샌드위치 및 유사 음식점업",I56,I56
F,음식,F15,패스트푸드,F150,NULL,F15012,햄버거전문점,I56192,"피자, 햄버거, 샌드위치 및 유사 음식점업",I56,I56
F,음식,F15,패스트푸드,F150,NULL,F15006,치킨전문점,I56193,치킨 전문점,I56,I56
F,음식,F04,분식,F040,NULL,F04001,김밥전문점,I56194,김밥 및 기타 간이 음식점업,I56,I56
F,음식,F04,분식,F040,NULL,F04002,떡볶이전문점,I56194,김밥 및 기타 간이 음식점업,I56,I56
F,음식,F04,분식,F040,NULL,F04003,만두전문점,I56194,김밥 및 기타 간이 음식점업,I56,I56
F,음식,F04,분식,F040,NULL,F04004,어묵전문점,I56194,김밥 및 기타 간이 음식점업,I56,I56
F,음식,F04,분식,F040,NULL,F04005,종합분식,I56194,김밥 및 기타 간이 음식점업,I56,I56
F,음식,F04,분식,F040,NULL,F04006,튀김전문점,I56194,김밥 및 기타 간이 음식점업,I56,I56
F,음식,F05,휴게소/구내식당,F050,NULL,F05002,휴게소,I56199,간이음식 포장 판매 전문점,I56,I56
F,음식,F09,음식배달서비스,F090,NULL,F09001,야식집/배달전문점,I56199,간이음식 포장 판매 전문점,I56,I56
F,음식,F15,패스트푸드,F150,NULL,F15001,도시락전문점,I56199,간이음식 포장 판매 전문점,I56,I56
F,음식,F15,패스트푸드,F150,NULL,F15002,밥버거전문점,I56199,간이음식 포장 판매 전문점,I56,I56
F,음식,F15,패스트푸드,F150,NULL,F15007,컵밥전문점,I56199,간이음식 포장 판매 전문점,I56,I56
F,음식,F08,유흥주점,F080,NULL,F08001,나이트클럽/카바레,I56211,일반 유흥주점업,I56,I56
F,음식,F08,유흥주점,F080,NULL,F08002,룸살롱/단란주점,I56211,일반 유흥주점업,I56,I56
F,음식,F08,유흥주점,F080,NULL,F08003,빠/카페,I56211,일반 유흥주점업,I56,I56
F,음식,F08,유흥주점,F080,NULL,F08004,일반유흥주점,I56211,일반 유흥주점업,I56,I56
F,음식,F01,간이주점,F010,NULL,F01007,짝태/노가리전문점,I56213,생맥주 전문점,I56,I56
F,음식,F01,간이주점,F010,NULL,F01008,호프/맥주,I56213,생맥주 전문점,I56,I56
F,음식,F01,간이주점,F010,NULL,F01001,기타주점/포장마차,I56219,기타 주점업,I56,I56
F,음식,F01,간이주점,F010,NULL,F01002,꼬치구이전문점,I56219,기타 주점업,I56,I56
F,음식,F01,간이주점,F010,NULL,F01003,민속주점,I56219,기타 주점업,I56,I56
F,음식,F01,간이주점,F010,NULL,F01004,와인전문점,I56219,기타 주점업,I56,I56
F,음식,F01,간이주점,F010,NULL,F01005,이자까야,I56219,기타 주점업,I56,I56
F,음식,F01,간이주점,F010,NULL,F01006,전전문점,I56219,기타 주점업,I56,I56
F,음식,F14,커피/음료,F140,NULL,F14001,커피전문점,I56221,커피 전문점,I56,I56
F,음식,F14,커피/음료,F140,NULL,F14002,과일/허브/홍차전문점,I56229,기타 비알코올 음료점업,I56,I56
F,음식,F14,커피/음료,F140,NULL,F14003,밀크티/버블티전문점,I56229,기타 비알코올 음료점업,I56,I56
F,음식,F14,커피/음료,F140,NULL,F14004,빙수전문점,I56229,기타 비알코올 음료점업,I56,I56
F,음식,F14,커피/음료,F140,NULL,F14005,생과일주스전문점,I56229,기타 비알코올 음료점업,I56,I56
F,음식,F14,커피/음료,F140,NULL,F14006,스무디/쉐이크전문점,I56229,기타 비알코올 음료점업,I56,I56
F,음식,F14,커피/음료,F140,NULL,F14007,전통찻집/인삼찻집,I56229,기타 비알코올 음료점업,I56,I56
F,음식,F14,커피/음료,F140,NULL,F14008,일반아이스크림전문점,I56229,기타 비알코올 음료점업,I56,I56
F,음식,F14,커피/음료,F140,NULL,F14009,요거트아이스크림전문점,I56229,기타 비알코올 음료점업,I56,I56
S,서비스,S05,여가/오락서비스,S052,여가/관람,S05213,영화관,J59141,영화관 운영업,J,J59
S,서비스,S02,(정기)납부/대여서비스,S022,금융상품/서비스,S02201,기타금융기관,K65110,생명 보험업,K,K65
S,서비스,S02,(정기)납부/대여서비스,S022,금융상품/서비스,S02202,기타금융상품,K65110,생명 보험업,K,K65
S,서비스,S02,(정기)납부/대여서비스,S022,금융상품/서비스,S02203,보증보험,K65110,생명 보험업,K,K65
S,서비스,S02,(정기)납부/대여서비스,S022,금융상품/서비스,S02204,생명보험,K65110,생명 보험업,K,K65
S,서비스,S02,(정기)납부/대여서비스,S022,금융상품/서비스,S02205,손해보험,K65110,생명 보험업,K,K65
S,서비스,S02,(정기)납부/대여서비스,S022,금융상품/서비스,S02206,캐피탈/대부,K65110,생명 보험업,K,K65
S,서비스,S02,(정기)납부/대여서비스,S025,회비/지원금/기부금,S02501,비영리단체,K65122,보증 보험업,K,K65
S,서비스,S02,(정기)납부/대여서비스,S025,회비/지원금/기부금,S02502,연구소,K65122,보증 보험업,K,K65
S,서비스,S02,(정기)납부/대여서비스,S025,회비/지원금/기부금,S02503,종교단체,K65122,보증 보험업,K,K65
S,서비스,S02,(정기)납부/대여서비스,S025,회비/지원금/기부금,S02504,협회및단체,K65122,보증 보험업,K,K65
S,서비스,S02,(정기)납부/대여서비스,S020,공과금/요금,S02001,공과금,K66199,그 외 기타 금융 지원 서비스업,K,K66
S,서비스,S02,(정기)납부/대여서비스,S020,공과금/요금,S02002,관리비,K66199,그 외 기타 금융 지원 서비스업,K,K66
S,서비스,S02,(정기)납부/대여서비스,S020,공과금/요금,S02003,국세,K66199,그 외 기타 금융 지원 서비스업,K,K66
S,서비스,S02,(정기)납부/대여서비스,S020,공과금/요금,S02004,도시가스,K66199,그 외 기타 금융 지원 서비스업,K,K66
S,서비스,S02,(정기)납부/대여서비스,S020,공과금/요금,S02005,우편요금,K66199,그 외 기타 금융 지원 서비스업,K,K66
S,서비스,S02,(정기)납부/대여서비스,S020,공과금/요금,S02006,인터넷이용료,K66199,그 외 기타 금융 지원 서비스업,K,K66
S,서비스,S02,(정기)납부/대여서비스,S020,공과금/요금,S02007,전기/수도요금,K66199,그 외 기타 금융 지원 서비스업,K,K66
S,서비스,S02,(정기)납부/대여서비스,S020,공과금/요금,S02008,전화요금,K66199,그 외 기타 금융 지원 서비스업,K,K66
S,서비스,S02,(정기)납부/대여서비스,S020,공과금/요금,S02009,지방세,K66199,그 외 기타 금융 지원 서비스업,K,K66
S,서비스,S02,(정기)납부/대여서비스,S020,공과금/요금,S02010,케이블TV,K66199,그 외 기타 금융 지원 서비스업,K,K66
S,서비스,S01,(비정기)전문서비스,S012,부동산,S01201,부동산관리업,L68221,부동산 중개 및 대리업,L,L68
S,서비스,S01,(비정기)전문서비스,S012,부동산,S01202,부동산임대업,L68221,부동산 중개 및 대리업,L,L68
S,서비스,S01,(비정기)전문서비스,S012,부동산,S01203,부동산중개업,L68221,부동산 중개 및 대리업,L,L68
S,서비스,S01,(비정기)전문서비스,S014,전문서비스,S01401,변호사/법무사,M71101,변호사업,M,M71
S,서비스,S01,(비정기)전문서비스,S014,전문서비스,S01402,세무/회계사,M71101,변호사업,M,M71
S,서비스,S04,생활편의서비스,S040,광고/인쇄서비스,S04001,간판/광고,M71391,옥외 및 전시 광고업,M,M71
S,서비스,S01,(비정기)전문서비스,S014,전문서비스,S01403,정보서비스,M71531,경영 컨설팅업,M,M71
S,서비스,S01,(비정기)전문서비스,S014,전문서비스,S01404,컨설팅,M71531,경영 컨설팅업,M,M71
S,서비스,S06,의료서비스,S061,수의업,S06101,동물병원,M73100,수의업,M,M73
S,서비스,S04,생활편의서비스,S040,광고/인쇄서비스,S04002,사진관,M73301,인물사진 및 행사용 영상 촬영업,M,M73
S,서비스,S05,여가/오락서비스,S053,여행/유학,S05301,여행사,N75210,여행사업,N,N75
S,서비스,S01,(비정기)전문서비스,S011,보안경비,S01101,보안서비스,N75310,경비 및 경호 서비스업,N,N75
E,기타,E02,기업,E020,NULL,E02005,이벤트/마케팅,N75992,"전시, 컨벤션 및 행사 대행업",N,N75
S,서비스,S02,(정기)납부/대여서비스,S024,방송/미디어,S02403,연예엔터테인먼트,N75992,"전시, 컨벤션 및 행사 대행업",N,N75
S,서비스,S02,(정기)납부/대여서비스,S023,렌탈서비스,S02304,렌터카,N76110,자동차 임대업,N,N76
S,서비스,S02,(정기)납부/대여서비스,S023,렌탈서비스,S02305,정수기렌탈,N76299,그 외 기타 개인 및 가정용품 임대업,N,N76
S,서비스,S02,(정기)납부/대여서비스,S023,렌탈서비스,S02301,결혼복/의상임대,N76299,그 외 기타 개인 및 가정용품 임대업,N,N76
S,서비스,S02,(정기)납부/대여서비스,S023,렌탈서비스,S02302,기타렌탈서비스,N76299,그 외 기타 개인 및 가정용품 임대업,N,N76
S,서비스,S02,(정기)납부/대여서비스,S023,렌탈서비스,S02303,도서/음반대여,N76299,그 외 기타 개인 및 가정용품 임대업,N,N76
E,기타,E01,공공기관,E010,NULL,E01001,공공기관/시설,O84119,기타 일반 공공 행정,O,O84
E,기타,E02,기업,E020,NULL,E02002,기타기업,O84119,기타 일반 공공 행정,O,O84
E,기타,E02,기업,E020,NULL,E02003,무역업,O84119,기타 일반 공공 행정,O,O84
E,기타,E02,기업,E020,NULL,E02004,유통/물류,O84119,기타 일반 공공 행정,O,O84
E,기타,E02,기업,E020,NULL,E02007,조경/환경,O84119,기타 일반 공공 행정,O,O84
S,서비스,S03,교육서비스,S035,유아교육,S03501,공부방,P85110,유아 교육기관,P,P85
S,서비스,S03,교육서비스,S035,유아교육,S03502,기타유아교육,P85110,유아 교육기관,P,P85
S,서비스,S03,교육서비스,S035,유아교육,S03505,어린이집,P85110,유아 교육기관,P,P85
S,서비스,S03,교육서비스,S035,유아교육,S03506,유아전문교육시설,P85110,유아 교육기관,P,P85
S,서비스,S03,교육서비스,S035,유아교육,S03507,유치원,P85110,유아 교육기관,P,P85
S,서비스,S03,교육서비스,S037,학교,S03706,초등학교,P85120,초등학교,P,P85
S,서비스,S03,교육서비스,S037,학교,S03701,고등학교,P85212,일반 고등학교,P,P85
S,서비스,S03,교육서비스,S037,학교,S03705,중학교,P85212,일반 고등학교,P,P85
S,서비스,S03,교육서비스,S037,학교,S03703,대학.대학원,P85302,대학교,P,P85
S,서비스,S03,교육서비스,S037,학교,S03704,대학.대학원(등록금),P85302,대학교,P,P85
S,서비스,S03,교육서비스,S037,학교,S03702,기타학교,P85410,특수학교,P,P85
S,서비스,S03,교육서비스,S037,학교,S03707,특수학교,P85410,특수학교,P,P85
S,서비스,S03,교육서비스,S036,입시학원,S03601,고시학원,P85501,일반 교과 학원,P,P85
S,서비스,S03,교육서비스,S036,입시학원,S03602,교육컨설팅,P85501,일반 교과 학원,P,P85
S,서비스,S03,교육서비스,S036,입시학원,S03603,국어/논술학원,P85501,일반 교과 학원,P,P85
S,서비스,S03,교육서비스,S036,입시학원,S03604,기타단과학원,P85501,일반 교과 학원,P,P85
S,서비스,S03,교육서비스,S036,입시학원,S03605,수학학원,P85501,일반 교과 학원,P,P85
S,서비스,S03,교육서비스,S036,입시학원,S03606,영어학원,P85501,일반 교과 학원,P,P85
S,서비스,S03,교육서비스,S036,입시학원,S03607,종합학원,P85501,일반 교과 학원,P,P85
S,서비스,S03,교육서비스,S036,입시학원,S03608,편입학원,P85501,일반 교과 학원,P,P85
S,서비스,S03,교육서비스,S033,예체능계학원,S03301,검도도장,P85611,태권도 및 무술 교육기관,P,P85
S,서비스,S03,교육서비스,S033,예체능계학원,S03302,격투기도장,P85611,태권도 및 무술 교육기관,P,P85
S,서비스,S03,교육서비스,S033,예체능계학원,S03303,무용/댄스학원,P85611,태권도 및 무술 교육기관,P,P85
S,서비스,S03,교육서비스,S033,예체능계학원,S03306,유도/합기도장,P85611,태권도 및 무술 교육기관,P,P85
S,서비스,S03,교육서비스,S033,예체능계학원,S03307,태권도장,P85611,태권도 및 무술 교육기관,P,P85
S,서비스,S05,여가/오락서비스,S051,스포츠,S05118,요가/필라테스,P85612,기타 스포츠 교육기관,P,P85
S,서비스,S03,교육서비스,S033,예체능계학원,S03305,실용음악학원,P85621,음악학원,P,P85
S,서비스,S03,교육서비스,S033,예체능계학원,S03308,피아노/음악학원,P85621,음악학원,P,P85
S,서비스,S03,교육서비스,S033,예체능계학원,S03304,서예/미술학원,P85629,기타 예술학원,P,P85
S,서비스,S03,교육서비스,S034,외국어학원,S03401,성인영어/외국어학원,P85631,외국어학원,P,P85
S,서비스,S03,교육서비스,S034,외국어학원,S03402,일본어학원,P85631,외국어학원,P,P85
S,서비스,S03,교육서비스,S034,외국어학원,S03403,중국어학원,P85631,외국어학원,P,P85
S,서비스,S03,교육서비스,S035,유아교육,S03504,어린이영어학원,P85631,외국어학원,P,P85
S,서비스,S03,교육서비스,S030,기술/직업교육,S03004,자동차운전/연수,P85661,운전학원,P,P85
S,서비스,S03,교육서비스,S030,기술/직업교육,S03001,네일아트학원,P85669,기타 기술 및 직업훈련학원,P,P85
S,서비스,S03,교육서비스,S030,기술/직업교육,S03002,미용학원,P85669,기타 기술 및 직업훈련학원,P,P85
S,서비스,S03,교육서비스,S030,기술/직업교육,S03003,요리학원,P85669,기타 기술 및 직업훈련학원,P,P85
S,서비스,S03,교육서비스,S030,기술/직업교육,S03005,제과/제빵학원,P85669,기타 기술 및 직업훈련학원,P,P85
S,서비스,S03,교육서비스,S030,기술/직업교육,S03006,직업훈련소,P85669,기타 기술 및 직업훈련학원,P,P85
S,서비스,S03,교육서비스,S030,기술/직업교육,S03008,피부미용학원,P85669,기타 기술 및 직업훈련학원,P,P85
S,서비스,S03,교육서비스,S030,기술/직업교육,S03007,컴퓨터학원,P85691,컴퓨터학원,P,P85
S,서비스,S03,교육서비스,S031,기타교육,S03101,기타학원,P85699,그 외 기타 분류 안된 교육기관,P,P85
S,서비스,S03,교육서비스,S031,기타교육,S03102,문화센터,P85709,기타 교육지원 서비스업,P,P85
S,서비스,S03,교육서비스,S031,기타교육,S03103,인터넷강의,P85709,기타 교육지원 서비스업,P,P85
S,서비스,S03,교육서비스,S031,기타교육,S03104,학습지,P85709,기타 교육지원 서비스업,P,P85
S,서비스,S05,여가/오락서비스,S053,여행/유학,S05302,유학원,P85709,기타 교육지원 서비스업,P,P85
S,서비스,S06,의료서비스,S063,종합/요양병원,S06302,상급종합병원,Q86101,종합 병원,Q,Q86
S,서비스,S06,의료서비스,S063,종합/요양병원,S06303,양한방종합병원,Q86101,종합 병원,Q,Q86
S,서비스,S06,의료서비스,S063,종합/요양병원,S06304,일반종합병원,Q86101,종합 병원,Q,Q86
S,서비스,S06,의료서비스,S063,종합/요양병원,S06305,한방병원,Q86101,종합 병원,Q,Q86
S,서비스,S06,의료서비스,S060,병/의원,S06001,가정의학과,Q86201,일반 의원,Q,Q86
S,서비스,S06,의료서비스,S060,병/의원,S06002,내과,Q86201,일반 의원,Q,Q86
S,서비스,S06,의료서비스,S060,병/의원,S06003,마취통증의학과,Q86201,일반 의원,Q,Q86
S,서비스,S06,의료서비스,S060,병/의원,S06004,방사선과,Q86201,일반 의원,Q,Q86
S,서비스,S06,의료서비스,S060,병/의원,S06005,비뇨기과,Q86201,일반 의원,Q,Q86
S,서비스,S06,의료서비스,S060,병/의원,S06006,산부인과,Q86201,일반 의원,Q,Q86
S,서비스,S06,의료서비스,S060,병/의원,S06007,성형외과,Q86201,일반 의원,Q,Q86
S,서비스,S06,의료서비스,S060,병/의원,S06008,소아청소년과,Q86201,일반 의원,Q,Q86
S,서비스,S06,의료서비스,S060,병/의원,S06009,신경과,Q86201,일반 의원,Q,Q86
S,서비스,S06,의료서비스,S060,병/의원,S06010,신경외과,Q86201,일반 의원,Q,Q86
S,서비스,S06,의료서비스,S060,병/의원,S06011,안과의원,Q86201,일반 의원,Q,Q86
S,서비스,S06,의료서비스,S060,병/의원,S06012,영상의학과,Q86201,일반 의원,Q,Q86
S,서비스,S06,의료서비스,S060,병/의원,S06013,이비인후과,Q86201,일반 의원,Q,Q86
S,서비스,S06,의료서비스,S060,병/의원,S06014,일반외과,Q86201,일반 의원,Q,Q86
S,서비스,S06,의료서비스,S060,병/의원,S06015,일반의원,Q86201,일반 의원,Q,Q86
S,서비스,S06,의료서비스,S060,병/의원,S06016,재활의학과,Q86201,일반 의원,Q,Q86
S,서비스,S06,의료서비스,S060,병/의원,S06017,정신건강의학과,Q86201,일반 의원,Q,Q86
S,서비스,S06,의료서비스,S060,병/의원,S06018,정형외과,Q86201,일반 의원,Q,Q86
S,서비스,S06,의료서비스,S060,병/의원,S06020,피부과,Q86201,일반 의원,Q,Q86
S,서비스,S06,의료서비스,S060,병/의원,S06019,치과,Q86202,치과 의원,Q,Q86
S,서비스,S06,의료서비스,S060,병/의원,S06021,한의원,Q86203,한의원,Q,Q86
S,서비스,S06,의료서비스,S063,종합/요양병원,S06301,보건소,Q86300,공중 보건 의료업,Q,Q86
S,서비스,S06,의료서비스,S062,의료기타,S06204,상담/치료,Q86902,유사 의료업,Q,Q86
S,서비스,S06,의료서비스,S062,의료기타,S06201,건강진단센터,Q86909,그 외 기타 보건업,Q,Q86
S,서비스,S06,의료서비스,S062,의료기타,S06202,기타의료기관/서비스,Q86909,그 외 기타 보건업,Q,Q86
S,서비스,S06,의료서비스,S062,의료기타,S06207,유사의료업,Q86909,그 외 기타 보건업,Q,Q86
S,서비스,S06,의료서비스,S062,의료기타,S06205,실버타운,Q87111,노인 요양 복지시설 운영업,Q,Q87
S,서비스,S06,의료서비스,S062,의료기타,S06206,요양원,Q87111,노인 요양 복지시설 운영업,Q,Q87
S,서비스,S05,여가/오락서비스,S052,여가/관람,S05212,연극/음악/뮤지컬공연장,R90110,공연시설 운영업,R,R90
S,서비스,S05,여가/오락서비스,S052,여가/관람,S05217,콘서트장,R90110,공연시설 운영업,R,R90
R,소매업,R07,기타용품,R070,NULL,R07009,티켓판매(전자상거래),R90199,그 외 기타 창작 및 예술관련 서비스업,R,R90
R,소매업,R07,기타용품,R070,NULL,R07010,티켓판매(통신판매),R90199,그 외 기타 창작 및 예술관련 서비스업,R,R90
S,서비스,S03,교육서비스,S032,독서실/장소대여,S03201,독서실,R90212,독서실 운영업,R,R90
S,서비스,S03,교육서비스,S032,독서실/장소대여,S03202,스터디카페/학습공간대여,R90212,독서실 운영업,R,R90
S,서비스,S05,여가/오락서비스,S052,여가/관람,S05207,미술관/전시장,R90221,박물관 운영업,R,R90
S,서비스,S05,여가/오락서비스,S052,여가/관람,S05208,박물관,R90221,박물관 운영업,R,R90
S,서비스,S05,여가/오락서비스,S052,여가/관람,S05206,동물원/식물원,R90231,식물원 및 동물원 운영업,R,R90
S,서비스,S05,여가/오락서비스,S052,여가/관람,S05210,수족관,R90231,식물원 및 동물원 운영업,R,R90
S,서비스,S05,여가/오락서비스,S052,여가/관람,S05202,기타관람,R90290,기타 유사 여가관련 서비스업,R,R90
S,서비스,S05,여가/오락서비스,S054,오락,S05409,선물/체험/공방,R90290,기타 유사 여가관련 서비스업,R,R90
S,서비스,S05,여가/오락서비스,S052,여가/관람,S05203,기타스포츠경기장,R91111,실내 경기장 운영업,R,R91
S,서비스,S05,여가/오락서비스,S052,여가/관람,S05205,농구장,R91111,실내 경기장 운영업,R,R91
S,서비스,S05,여가/오락서비스,S052,여가/관람,S05209,배구장,R91111,실내 경기장 운영업,R,R91
S,서비스,S05,여가/오락서비스,S052,여가/관람,S05211,야구장,R91111,실내 경기장 운영업,R,R91
S,서비스,S05,여가/오락서비스,S052,여가/관람,S05215,축구장,R91111,실내 경기장 운영업,R,R91
S,서비스,S05,여가/오락서비스,S051,스포츠,S05103,골프장,R91121,골프장 운영업,R,R91
S,서비스,S05,여가/오락서비스,S051,스포츠,S05106,다이어트운동센터,R91131,종합 스포츠시설 운영업,R,R91
S,서비스,S05,여가/오락서비스,S051,스포츠,S05119,종합스포츠센터,R91131,종합 스포츠시설 운영업,R,R91
S,서비스,S05,여가/오락서비스,S051,스포츠,S05122,헬스클럽,R91131,종합 스포츠시설 운영업,R,R91
S,서비스,S05,여가/오락서비스,S051,스포츠,S05109,볼링장,R91134,볼링장 운영업,R,R91
S,서비스,S05,여가/오락서비스,S051,스포츠,S05107,당구장,R91135,당구장 운영업,R,R91
S,서비스,S05,여가/오락서비스,S051,스포츠,S05101,골프실내연습장,R91136,골프연습장 운영업,R,R91
S,서비스,S05,여가/오락서비스,S051,스포츠,S05102,골프실외연습장,R91136,골프연습장 운영업,R,R91
S,서비스,S05,여가/오락서비스,S051,스포츠,S05113,스크린골프,R91136,골프연습장 운영업,R,R91
S,서비스,S05,여가/오락서비스,S051,스포츠,S05104,기원,R91139,그 외 기타 스포츠시설 운영업,R,R91
S,서비스,S05,여가/오락서비스,S051,스포츠,S05105,낚시터/낚시장,R91139,그 외 기타 스포츠시설 운영업,R,R91
S,서비스,S05,여가/오락서비스,S051,스포츠,S05108,루지/썰매장,R91139,그 외 기타 스포츠시설 운영업,R,R91
S,서비스,S05,여가/오락서비스,S051,스포츠,S05110,수상스포츠,R91239,기타 수상오락 서비스업,R,R91
S,서비스,S05,여가/오락서비스,S051,스포츠,S05111,수영장,R91139,그 외 기타 스포츠시설 운영업,R,R91
S,서비스,S05,여가/오락서비스,S051,스포츠,S05112,스쿼시장,R91139,그 외 기타 스포츠시설 운영업,R,R91
S,서비스,S05,여가/오락서비스,S051,스포츠,S05114,스크린야구,R91139,그 외 기타 스포츠시설 운영업,R,R91
S,서비스,S05,여가/오락서비스,S051,스포츠,S05115,스키장,R91139,그 외 기타 스포츠시설 운영업,R,R91
S,서비스,S05,여가/오락서비스,S051,스포츠,S05116,암벽시설,R91139,그 외 기타 스포츠시설 운영업,R,R91
S,서비스,S05,여가/오락서비스,S051,스포츠,S05117,야구연습장,R91139,그 외 기타 스포츠시설 운영업,R,R91
S,서비스,S05,여가/오락서비스,S051,스포츠,S05120,탁구장,R91139,그 외 기타 스포츠시설 운영업,R,R91
S,서비스,S05,여가/오락서비스,S051,스포츠,S05121,테니스장,R91139,그 외 기타 스포츠시설 운영업,R,R91
S,서비스,S05,여가/오락서비스,S052,여가/관람,S05201,공원/동굴/수목원,R91210,유원지 및 테마파크 운영업,R,R91
S,서비스,S05,여가/오락서비스,S052,여가/관람,S05204,놀이공원/유원지,R91210,유원지 및 테마파크 운영업,R,R91
S,서비스,S05,여가/오락서비스,S052,여가/관람,S05214,워터파크,R91210,유원지 및 테마파크 운영업,R,R91
S,서비스,S05,여가/오락서비스,S054,오락,S05412,인터넷PC방/게임방,R91222,컴퓨터 게임방 운영업,R,R91
S,서비스,S05,여가/오락서비스,S054,오락,S05414,코인노래방,R91223,노래연습장 운영업,R,R91
S,서비스,S05,여가/오락서비스,S055,유흥,S05502,일반노래방,R91223,노래연습장 운영업,R,R91
S,서비스,S05,여가/오락서비스,S052,여가/관람,S05216,카지노,R91249,기타 사행시설 관리 및 운영업,R,R91
S,서비스,S03,교육서비스,S035,유아교육,S03503,블럭놀이방,R91299,그 외 기타 분류 안된 오락관련 서비스업,R,R91
S,서비스,S03,교육서비스,S035,유아교육,S03508,키즈카페,R91299,그 외 기타 분류 안된 오락관련 서비스업,R,R91
S,서비스,S05,여가/오락서비스,S054,오락,S05401,VR방,R91299,그 외 기타 분류 안된 오락관련 서비스업,R,R91
S,서비스,S05,여가/오락서비스,S054,오락,S05402,기타여가오락,R91299,그 외 기타 분류 안된 오락관련 서비스업,R,R91
S,서비스,S05,여가/오락서비스,S054,오락,S05403,만화카페,R91299,그 외 기타 분류 안된 오락관련 서비스업,R,R91
S,서비스,S05,여가/오락서비스,S054,오락,S05404,방탈출카페,R91299,그 외 기타 분류 안된 오락관련 서비스업,R,R91
S,서비스,S05,여가/오락서비스,S054,오락,S05405,보드게임카페,R91299,그 외 기타 분류 안된 오락관련 서비스업,R,R91
S,서비스,S05,여가/오락서비스,S054,오락,S05406,비디오방,R91299,그 외 기타 분류 안된 오락관련 서비스업,R,R91
S,서비스,S05,여가/오락서비스,S054,오락,S05407,뽑기방,R91299,그 외 기타 분류 안된 오락관련 서비스업,R,R91
S,서비스,S05,여가/오락서비스,S054,오락,S05408,사격장,R91299,그 외 기타 분류 안된 오락관련 서비스업,R,R91
S,서비스,S05,여가/오락서비스,S054,오락,S05410,애견카페,R91299,그 외 기타 분류 안된 오락관련 서비스업,R,R91
S,서비스,S05,여가/오락서비스,S054,오락,S05411,오락실,R91299,그 외 기타 분류 안된 오락관련 서비스업,R,R91
R,소매업,R05,건축/인테리어,R050,NULL,R05004,열쇠/철물점,S95110,컴퓨터 및 주변 기기 수리업,S,S95
S,서비스,S04,생활편의서비스,S044,수리서비스,S04401,가정용품수리,S95110,컴퓨터 및 주변 기기 수리업,S,S95
S,서비스,S04,생활편의서비스,S044,수리서비스,S04402,가죽/가방/구두수리,S95110,컴퓨터 및 주변 기기 수리업,S,S95
S,서비스,S04,생활편의서비스,S044,수리서비스,S04403,기타수리서비스,S95110,컴퓨터 및 주변 기기 수리업,S,S95
S,서비스,S04,생활편의서비스,S044,수리서비스,S04404,사무용기기수리,S95110,컴퓨터 및 주변 기기 수리업,S,S95
S,서비스,S04,생활편의서비스,S044,수리서비스,S04405,시계/귀금속/악기수리,S95110,컴퓨터 및 주변 기기 수리업,S,S95
S,서비스,S04,생활편의서비스,S044,수리서비스,S04406,의류수선,S95110,컴퓨터 및 주변 기기 수리업,S,S95
S,서비스,S04,생활편의서비스,S044,수리서비스,S04407,컴퓨터/통신기기수리,S95110,컴퓨터 및 주변 기기 수리업,S,S95
S,서비스,S04,생활편의서비스,S045,차량관련서비스,S04504,자동차정비/카센터,S95211,자동차 종합 수리업,S,S95
S,서비스,S04,생활편의서비스,S045,차량관련서비스,S04501,기타차량서비스,S95212,자동차 전문 수리업,S,S95
S,서비스,S04,생활편의서비스,S045,차량관련서비스,S04503,운전대행,S95212,자동차 전문 수리업,S,S95
S,서비스,S04,생활편의서비스,S045,차량관련서비스,S04506,차량견인,S95212,자동차 전문 수리업,S,S95
S,서비스,S04,생활편의서비스,S045,차량관련서비스,S04502,세차/광택,S95213,자동차 세차업,S,S95
S,서비스,S04,생활편의서비스,S041,미용서비스,S04103,미용실,S96112,두발 미용업,S,S96
S,서비스,S04,생활편의서비스,S041,미용서비스,S04105,이용업(남성미용실),S96112,두발 미용업,S,S96
S,서비스,S04,생활편의서비스,S041,미용서비스,S04101,다이어트/피부관리,S96113,피부 미용업,S,S96
S,서비스,S04,생활편의서비스,S041,미용서비스,S04102,두피/탈모케어,S96113,피부 미용업,S,S96
S,서비스,S04,생활편의서비스,S042,사우나/휴게서비스,S04201,스포츠마사지,S96122,마사지업,S,S96
S,서비스,S04,생활편의서비스,S041,미용서비스,S04104,발/네일케어,S96119,기타 미용업,S,S96
S,서비스,S04,생활편의서비스,S042,사우나/휴게서비스,S04202,찜질방/목욕탕,S96121,욕탕업,S,S96
S,서비스,S05,여가/오락서비스,S055,유흥,S05501,안마시술소,S96122,마사지업,S,S96
S,서비스,S04,생활편의서비스,S043,세탁/가사서비스,S04301,도우미/인력서비스,S96912,가정용 세탁업,S,S96
S,서비스,S04,생활편의서비스,S043,세탁/가사서비스,S04302,세탁소/빨래방,S96912,가정용 세탁업,S,S96
S,서비스,S04,생활편의서비스,S043,세탁/가사서비스,S04303,청소/소독,S96912,가정용 세탁업,S,S96
S,서비스,S05,여가/오락서비스,S054,오락,S05413,철학관,S96992,점술 및 유사 서비스업,S,S96
S,서비스,S06,의료서비스,S062,의료기타,S06203,산후조리원,S96993,개인 간병 및 유사 서비스업,S,S96
S,서비스,S01,(비정기)전문서비스,S010,가례서비스,S01001,결혼서비스업,S96994,예식장업,S,S96
S,서비스,S01,(비정기)전문서비스,S010,가례서비스,S01002,묘지분양/관리업,S96994,예식장업,S,S96
S,서비스,S01,(비정기)전문서비스,S010,가례서비스,S01003,예식장,S96994,예식장업,S,S96
S,서비스,S01,(비정기)전문서비스,S010,가례서비스,S01004,장례식장/서비스업,S96994,예식장업,S,S96